{
  "dataset": "mbpp",
  "tau1": 0.95,
  "tau2": 0.67,
  "w_q": 0.25,
  "w_r": 0.6,
  "w_c": 0.15,
  "min_rep": 0.0,
  "dev_acc": 0.9459459459459459,
  "dev_cost_mean": 0.0036533502702702707,
  "dev_latency_mean": 15.137714108905277,
  "dev_n_present": 37.0,
  "dev_n_total": 37.0,
  "grid_csv": "/data_huawei/jiakun/ISSTA/11111A_rerun_adj_para/dev_grid/mbpp/mbpp_TrustRoute_tau1_0.95_tau2_0.67_wq_0.25_wr_0.6_wc_0.15_mr_0.0_seed1.csv"
}