{
  "dataset": "winogrande",
  "tau1": 0.95,
  "tau2": 1.0,
  "w_q": 0.25,
  "w_r": 0.25,
  "w_c": 0.5,
  "min_rep": 0.0,
  "dev_acc": 0.9444444444444444,
  "dev_cost_mean": 0.0009451919047619048,
  "dev_latency_mean": 4.450762661676558,
  "dev_n_present": 126.0,
  "dev_n_total": 126.0,
  "grid_csv": "/data_huawei/jiakun/ISSTA/11111A_rerun_adj_para/dev_grid/winogrande/winogrande_TrustRoute_tau1_0.95_tau2_1.0_wq_0.25_wr_0.25_wc_0.5_mr_0.0_seed1.csv"
}