dataset,seed,passrate
mmlu,1,0.699
mmlu,2,0.834
mmlu,3,0.836
winogrande,1,0.712707182320442
winogrande,2,0.8808208366219415
winogrande,3,0.8847671665351223
arc_challenge,1,0.9718430034129693
arc_challenge,2,0.9684300341296929
arc_challenge,3,0.9692832764505119
hellaswag,1,0.714
hellaswag,2,0.715
hellaswag,3,0.721
