dataset,best_acc_method,best_acc,best_acc_cost,near_best_cheapest_method,near_best_cheapest_acc,near_best_cheapest_cost
ARC-Challenge,Oracle,0.9758248009101252,0.0007362269624573,Oracle,0.9758248009101252,0.0007362269624573
GSM8K,SA,0.8757819481680071,0.0002035051831992,SA,0.8757819481680071,0.0002035051831992
HellaSwag,Oracle,0.963,0.0009298259999998,Oracle,0.963,0.0009298259999998
HumanEval,TrustRoute,0.9796746666666666,0.0021527114837398,TrustRoute,0.9796746666666666,0.0021527114837398
MBPP,Oracle,0.9356256666666668,0.0073390925925925,FrugalGPT,0.9312166666666668,0.0007576995590828
MMLU,Oracle,0.9373333333333336,0.0014169279999999,Oracle,0.9373333333333336,0.0014169279999999
Winogrande,Oracle,0.91186529860563,0.0004809116022098,Oracle,0.91186529860563,0.0004809116022098
