dataset,best_acc_variant,best_acc,best_acc_cost,best_cost_variant,best_cost,best_cost_acc
ARC-Challenge,TrustRoute,0.9698521046643912,0.0002394614903298,TrustRoute-NoParallel,2.133058873720136e-05,0.9206484641638224
GSM8K,TrustRoute-NoCostAware,0.8433124813821865,0.0023057753798033,TrustRoute,0.0016566350312778,0.8191837950551087
HellaSwag,TrustRoute-NoParallel,0.7200000000000001,3.9689383333333337e-05,TrustRoute-NoParallel,3.9689383333333337e-05,0.7200000000000001
HumanEval,TrustRoute,0.9796746666666666,0.0021527114837398,TrustRoute-NoParallel,8.241646341462031e-05,0.851626
MBPP,TrustRoute-NoRep,0.934744,0.0014971204585537,TrustRoute-NoCost,0.0001489263227512,0.8703703333333334
MMLU,TrustRoute-NoParallel,0.7933333333333333,0.0008999964166665,TrustRoute-NoParallel,0.0008999964166665,0.7933333333333333
Winogrande,TrustRoute-NoParallel,0.8358326756116812,0.0006765001315442,TrustRoute-NoParallel,0.0006765001315442,0.8358326756116812
